# 数据库

内连接就是普通的查询，例如

1.加inner join的：

```sql
SELECT     S.SName,C.CourseID,C.Grade
From         Sc AS C
INNER JOIN     Students AS S
ON         C.StudentID = S.SNo
```

2.不加inner join的

```sql
SELECT Students.SName, Sc.CourseID, Sc.Grade
FROM     Students,Sc
WHERE  Students.SNo = Sc.StudentID
```

外连接与普通连接的区别：

普通连接只输出满足连接条件的元组，外连接操作以指定表为连接主题，将主体表中不满足连接条件的元组一并输出。

外连接又分为左连接和右连接：

```mysql
左连接：SELECT     S.SName,C.CourseID,C.Grade
                From         Students AS S
                INNER JOIN     Sc AS C
                ON         C.StudentID <> S.SNo

​		       SELECT     S.SName,C.CourseID,C.Grade
​               From         Sc AS C
​               LEFT JOIN     Students AS S
​               ON         C.StudentID = S.SNo

sql排序--->以下是 SQL SELECT 语句使用 ORDER BY 子句将查询数据排序后再返回数据：

SELECT field1, field2,...fieldN FROM table_name1, table_name2...

ORDER BY field1 [ASC [DESC][默认 ASC]], [field2...] [ASC [DESC][默认 ASC]]
```

你可以使用任何字段来作为排序的条件，从而返回排序后的查询结果。

你可以设定多个字段来排序。

你可以使用 ASC 或 DESC 关键字来设置查询结果是按升序或降序排列。 默认情况下，它是按升序排列。

你可以添加 WHERE...LIKE 子句来设置条件。

sql分组--->根据一个或多个列对结果集进行分组，function可以使用 COUNT, SUM, AVG,等函数。

```sql
SELECT column_name, function(column_name) FROM table_name

WHERE column_name operator value

GROUP BY column_name;

WITH ROLLUP可以随着group by一起使用，可以实现在分组统计数据基础上再进行相同的统计（SUM,AVG,COUNT…）。

SELECT name, SUM(signin) as signin_count FROM  employee_tbl GROUP BY name WITH ROLLUP
```

注意以上查询语句会有NULL出现以表示总和计数

需要替换这个NULL可以配合使用Coalesce(),这个函数的作用为将该列中所有是NULL的值改为设定参数。

sql连接的使用--->

INNER JOIN（内连接,或等值连接）：获取两个表中字段匹配关系的记录。

LEFT JOIN（左连接）：获取左表所有记录，即使右表没有对应匹配的记录。

RIGHT JOIN（右连接）： 与 LEFT JOIN 相反，用于获取右表所有记录，即使左表没有对应匹配的记录。

##  MySQL 事务

- 在 MySQL 中只有使用了 Innodb 数据库引擎的数据库或表才支持事务。
- 事务处理可以用来维护数据库的完整性，保证成批的 SQL 语句要么全部执行，要么全部不执行。
- 事务用来管理 insert,update,delete 语句

一般来说，事务是必须满足4个条件（ACID）：：原子性（**A**tomicity，或称不可分割性）、一致性（**C**onsistency）、隔离性（**I**solation，又称独立性）、持久性（**D**urability）。

- **原子性：**一个事务（transaction）中的所有操作，要么全部完成，要么全部不完成，不会结束在中间某个环节。事务在执行过程中发生错误，会被回滚（Rollback）到事务开始前的状态，就像这个事务从来没有执行过一样。
- **一致性：**在事务开始之前和事务结束以后，数据库的完整性没有被破坏。这表示写入的资料必须完全符合所有的预设规则，这包含资料的精确度、串联性以及后续数据库可以自发性地完成预定的工作。
- **隔离性：**数据库允许多个并发事务同时对其数据进行读写和修改的能力，隔离性可以防止多个事务并发执行时由于交叉执行而导致数据的不一致。事务隔离分为不同级别，包括读未提交（Read uncommitted）、读提交（read committed）、可重复读（repeatable read）和串行化（Serializable）。
- **持久性：**事务处理结束后，对数据的修改就是永久的，即便系统故障也不会丢失。

### 事务控制语句：

- BEGIN 或 START TRANSACTION 显式地开启一个事务；
- COMMIT 也可以使用 COMMIT WORK，不过二者是等价的。COMMIT 会提交事务，并使已对数据库进行的所有修改成为永久性的；
- ROLLBACK 也可以使用 ROLLBACK WORK，不过二者是等价的。回滚会结束用户的事务，并撤销正在进行的所有未提交的修改；
- SAVEPOINT identifier，SAVEPOINT 允许在事务中创建一个保存点，一个事务中可以有多个 SAVEPOINT；
- RELEASE SAVEPOINT identifier 删除一个事务的保存点，当没有指定的保存点时，执行该语句会抛出一个异常；
- ROLLBACK TO identifier 把事务回滚到标记点；
- SET TRANSACTION 用来设置事务的隔离级别。InnoDB 存储引擎提供事务的隔离级别有READ UNCOMMITTED、READ COMMITTED、REPEATABLE READ 和 SERIALIZABLE。

```mysql
mysql> use RUNOOB; 
Database changed 
mysql> CREATE TABLE runoob_transaction_test( id int(5)) engine=innodb;  # 创建数据表 
Query OK, 0 rows affected (0.04 sec)  
mysql> select * from runoob_transaction_test; 
Empty set (0.01 sec)  
mysql> begin;  # 开始事务 
Query OK, 0 rows affected (0.00 sec)  
mysql> insert into runoob_transaction_test value(5); 
Query OK, 1 rows affected (0.01 sec)  
mysql> insert into runoob_transaction_test value(6); 
Query OK, 1 rows affected (0.00 sec)  
mysql> commit; # 提交事务 
Query OK, 0 rows affected (0.01 sec)  
mysql>  select * from runoob_transaction_test; 
+------+
| id   |
+------+
| 5    |
| 6    |
+------+ 2 rows in set (0.01 sec)  
mysql> begin;    # 开始事务 
Query OK, 0 rows affected (0.00 sec)  
mysql>  insert into runoob_transaction_test values(7); 
Query OK, 1 rows affected (0.00 sec)  
mysql> rollback;   # 回滚 
Query OK, 0 rows affected (0.00 sec)  
mysql>   select * from runoob_transaction_test;   # 因为回滚所以数据没有插入 
+------+ 
| id   | 
+------+ 
| 5    | 
| 6    |
+------+ 2 rows in set (0.01 sec)
```

如果你需要指定新增字段的位置，可以使用MySQL提供的关键字 FIRST (设定位第一列)， AFTER 字段名（设定位于某个字段之后）。

```sql
ALTER TABLE testalter_tbl DROP i;
ALTER TABLE testalter_tbl ADD i INT FIRST;
ALTER TABLE testalter_tbl DROP i;
ALTER TABLE testalter_tbl ADD i INT AFTER c;
```

## 修改字段类型及名称

如果需要修改字段类型及名称, 你可以在ALTER命令中使用 MODIFY 或 CHANGE 子句 。

例如，把字段 c 的类型从 CHAR(1) 改为 CHAR(10)，可以执行以下命令:

```sql
mysql> ALTER TABLE testalter_tbl MODIFY c CHAR(10);
```

使用 CHANGE 子句, 语法有很大的不同。 在 CHANGE 关键字之后，紧跟着的是你要修改的字段名，然后指定新字段名及类型。尝试如下实例：

```sql
mysql> ALTER TABLE testalter_tbl CHANGE i j BIGINT;
mysql> ALTER TABLE testalter_tbl CHANGE j j INT;
```

## ALTER TABLE 对 Null 值和默认值的影响

当你修改字段时，你可以指定是否包含值或者是否设置默认值。

以下实例，指定字段 j 为 NOT NULL 且默认值为100 。

```sql
mysql> ALTER TABLE testalter_tbl 
    -> MODIFY j BIGINT NOT NULL DEFAULT 100;
```

如果你不设置默认值，MySQL会自动设置该字段默认为 NULL。

## alter其他用途：

修改存储引擎：修改为myisam

```sql
alter table tableName engine=myisam;
```

删除外键约束：keyName是外键别名

```sql
alter table tableName drop foreign key keyName;
```

修改字段的相对位置：这里name1为想要修改的字段，type1为该字段原来类型，first和after二选一，这应该显而易见，first放在第一位，after放在name2字段后面

```sql
alter table tableName modify name1 type1 first|after name2;
```

## 使用ALTER 命令添加和删除索引

有四种方式来添加数据表的索引：

- **ALTER TABLE tbl_name ADD PRIMARY KEY (column_list):**该语句添加一个主键，这意味着索引值必须是唯一的，且不能为NULL。
- **ALTER TABLE tbl_name ADD UNIQUE index_name (column_list):** 这条语句创建索引的值必须是唯一的（除了NULL外，NULL可能会出现多次）。
- **ALTER TABLE tbl_name ADD INDEX index_name (column_list):** 添加普通索引，索引值可出现多次。
- **ALTER TABLE tbl_name ADD FULLTEXT index_name (column_list):**该语句指定了索引为 FULLTEXT ，用于全文索引。

## MySQL 临时表

创建临时表的方法：

```sql
CREATE TEMPORARY TABLE SalesSummary(
    -> product_name VARCHAR(50) NOT NULL
    -> , total_sales DECIMAL(12,2) NOT NULL DEFAULT 0.00
    -> , avg_unit_price DECIMAL(7,2) NOT NULL DEFAULT 0.00
    -> , total_units_sold INT UNSIGNED NOT NULL DEFAULT 0
);
```

用查询直接创建临时表的方式：

```sql
CREATE TEMPORARY TABLE 临时表名 AS
(
    SELECT *  FROM 旧的表名
    LIMIT 0,10000
);
```

临时表同普通表操作类似，不同点在于，临时表的数据只在当前连接可用，当连接关闭时，mysql会自动删除并释放所有空间，当然也可以使用drop table命令手动删除，show tables命令无法查看数据表内容，只能用查询语句查看。

## MySQL 复制表

- 使用 **SHOW CREATE TABLE** 命令获取创建数据表(**CREATE TABLE**) 语句，该语句包含了原数据表的结构，索引等。
- 
- 复制以下命令显示的SQL语句，修改数据表名，并执行SQL语句，通过以上命令 将完全的复制数据表结构。
- 如果你想复制表的内容，你就可以使用 **INSERT INTO ... SELECT** 语句来实现。

**第一、只复制表结构到新表**

create table 新表 select * from 旧表 where 1=2

或者

create table 新表 like 旧表 

**第二、复制表结构及数据到新表**

create table新表 select * from 旧表 

## 创建索引的两个步骤

创建聚集索引

```sql
alter table 表名 add prmary key 表名(字段名);
alter table 表名 drop primary key;——>删除
```

创建唯一索引

```sql
alter table 表名 add unique key 表名(字段名);
没有写索引名 show create table 表名;
查看alter table 表名 drop index 索引名;——>删除
```

创建普通索引

```sql
创建表时
create table 表名(	
    id int primary key auto_increment,    
    class_name varchar(10) unique,    
    name varchar(16),    
    age int  
);创建表后
create index 索引名 on 表名(字段名);
drop index 索引名 on 表名;——>删除
```

1. 提取索引字段的值当做key，value就是对应本行记录
2. 以key为基础比较大小，生成树型结构

创建索引最好是以占空间小，重复度低的字段创建索引

## 磁盘的预读

- innodb存储引擎一页16k，即一次io读16k，
- 当一次io时，不光把当前磁盘地址的数据，而是把相邻的数据也都读取到内存缓存区内，因为局部预读性原理告诉我们，当计算机访问一个地址的数据的时候，与其相邻的数据也会很快被访问到。

### 加锁规则有以下特性：

- 1.加锁的基本单位是（next-key lock）,他是前开后闭原则
- 2.插叙过程中访问的对象会增加锁
- 3.索引上的等值查询--给唯一索引加锁的时候，next-key lock升级为行锁
- 4.索引上的等值查询--向右遍历时最后一个值不满足查询需求时，next-key lock 退化为间隙锁
- 5.唯一索引上的范围查询会访问到不满足条件的第一个值为止

使用limit来指定后续加锁的数据条数。

# 实战操作练习：

## 1.查找最晚入职员工的所有信息

```sql
表结构说明:
CREATE TABLE `employees` (
`emp_no` int(11) NOT NULL,
`birth_date` date NOT NULL,
`first_name` varchar(14) NOT NULL,
`last_name` varchar(16) NOT NULL,
`gender` char(1) NOT NULL,
`hire_date` date NOT NULL,
PRIMARY KEY (`emp_no`));
```

```sql
脚本1：
select * from employees 
order by hire_date desc limit 1;
运行时间：17ms   占用内存：3320k

脚本2：
select * from employees
where hire_date = (select max(hire_date) from employees);
运行时间：25ms   占用内存：3300k
```

## 2.查找入职员工时间排名倒数第三的员工所有信息

```sql
脚本 1
select * from employees 
order by hire_date desc limit 2,1;
运行时间：31ms   占用内存：4332k

脚本 2
select * from employees 
where hire_date = (select hire_date from employees order by hire_date desc limit 2,1);
运行时间：18ms   占用内存：3284k
```

## 3、查找各个部门当前(to_date='9999-01-01')领导当前薪水详情以及其对应部门编号dept_no

```sql
表结构说明:
CREATE TABLE `dept_manager` (
`dept_no` char(4) NOT NULL,
`emp_no` int(11) NOT NULL,
`from_date` date NOT NULL,
`to_date` date NOT NULL,
PRIMARY KEY (`emp_no`,`dept_no`));

CREATE TABLE `salaries` (
`emp_no` int(11) NOT NULL,
`salary` int(11) NOT NULL,
`from_date` date NOT NULL,
`to_date` date NOT NULL,
PRIMARY KEY (`emp_no`,`from_date`));
```

```sql
脚本1：
select s.*,d.dept_no from salaries s, dept_manager d 
where s.to_date='9999-01-01' 
and d.to_date='9999-01-01' 
and s.emp_no = d.emp_no;
运行时间：24ms   占用内存：3304k
```

## 4、查找所有已经分配部门的员工的last_name和first_name

```sql
表结构说明:
CREATE TABLE `dept_emp` (
`emp_no` int(11) NOT NULL,
`dept_no` char(4) NOT NULL,
`from_date` date NOT NULL,
`to_date` date NOT NULL,
PRIMARY KEY (`emp_no`,`dept_no`));

CREATE TABLE `employees` (
`emp_no` int(11) NOT NULL,
`birth_date` date NOT NULL,
`first_name` varchar(14) NOT NULL,
`last_name` varchar(16) NOT NULL,
`gender` char(1) NOT NULL,
`hire_date` date NOT NULL,
PRIMARY KEY (`emp_no`));
```

```sql
脚本1
select e.last_name, e.first_name, d.dept_no 
from dept_emp d 
inner join employees e 
on e.emp_no=d.emp_no;
运行时间：19ms   占用内存：3284k
```

